X-axis,Y-axis
-9.050772626931568,-9.025593267108167
-6.383370125091982,-8.197778697571746
-3.44002943340692,-6.9100671449595295
-0.03679175864606776,-5.254438005886682
2.538631346578363,-3.1389118837380448
5.665930831493743,1.000160963944074
8.609271523178805,8.358512693156731
