X-axis,Y-axis
-9.602649006622519,-9.669449043414275
9.437086092715226,-9.669449043414275
9.89698307579102,-0.28755058866813954
-9.602649006622519,-0.19557119205298257
-9.602649006622519,9.646224245768947
9.805003679175861,9.646224245768947
