X-axis,Y-axis
-31.9168506254599,-29.03157192788815
-23.178807947019877,-12.475280537159676
-30.537159676232534,12.819053532008837
-2.9433406916850657,28.455550956585725
22.810890360559227,31.214932855040473
17.29212656364973,-14.314868469462837
-0.6438557763061112,-6.496619757174393
2.5754231052244307,-27.651880978660778
21.43119941133186,-35.47012969094922
