X-axis,Y-axis
-7.415110930735892,38.501082251082295
40.74506222943728,61.22835497835504
28.840300324675383,-15.611471861471827
-66.39779491341989,-13.44696969696966
-23.107751623376572,-68.64177489177487
-16.073119588744532,40.124458874458924
-54.493033008657974,69.88636363636368
49.40307088744595,12.527056277056317
32.628179112554164,-71.34740259740258
