X-axis,Y-axis
-31.583425312729958,-22.938511773362762
-27.904249448123636,-16.499954010301693
-22.38548565121414,-8.221808314937448
-14.107339955849909,-8.221808314937448
