X-axis,Y-axis
-73.03164091243562,-60.67880794701986
-74.8712288447388,0.9473877851361294
-61.07431935246507,55.21523178807948
-7.726269315673306,57.97461368653421
52.06033848417954,51.53605592347316
66.77704194260485,-24.806843267108164
46.54157468727004,-68.03715967623252
