X-axis,Y-axis
-28.69757174392936,-29.951365894039732
-21.3392200147167,-22.133117181751288
-2.9433406916850657,-10.175795621780722
-1.5636497424576987,8.679980684326708
