X-axis,Y-axis
-25.77262693156733,-26.964679911699783
25.827814569536415,-25.58498896247241
24.999999999999986,-0.19867549668875029
-25.220750551876378,0.3532008830022022
-24.392935982339957,26.843267108167765
24.724061810154524,26.843267108167765
